	chr	pos	score	A_A	B_A	A_C	B_C	A_G	B_G	A_T	B_T	haplotypeA	haplotypeB
0	4	5748176	224.15028381347656	0.0	0.0	28.0	0.0	0.0	0.0	0.0	64.0	CC	TT
1	4	5748233	200.13417053222656	0.0	0.0	25.0	0.0	0.0	34.0	0.0	0.0	CC	GG
2	4	5748275	216.14491271972656	27.0	0.0	0.0	0.0	0.0	28.0	0.0	0.0	AA	GG
3	4	5783714	184.12344360351562	0.0	28.0	0.0	0.0	23.0	0.0	0.0	0.0	GG	AA
4	4	5793684	64.04293060302734	0.0	0.0	0.0	18.0	0.0	0.0	8.0	0.0	TT	CC
5	4	5813453	88.05903625488281	0.0	0.0	11.0	0.0	0.0	0.0	0.0	30.0	CC	TT
6	4	5818759	72.04830932617188	0.0	0.0	9.0	0.0	0.0	14.0	0.0	0.0	CC	GG
7	4	5819033	72.04830932617188	9.0	0.0	0.0	14.0	0.0	0.0	0.0	0.0	AA	CC
8	4	6302121	102.5857925415039	18.0	148.0	0.0	0.0	0.0	0.0	18.0	0.0	AT	AA
9	4	6302598	81.79137420654297	0.0	0.0	29.0	118.0	0.0	0.0	20.0	0.0	CT	CC
10	4	6303071	232.15565490722656	0.0	0.0	29.0	0.0	0.0	54.0	0.0	0.0	CC	GG
11	4	7759386	60.99696350097656	60.0	0.0	0.0	0.0	56.0	88.0	0.0	0.0	AG	GG
12	4	7759483	63.76953887939453	0.0	0.0	49.0	92.0	0.0	0.0	49.0	0.0	CT	CC
13	4	7762403	70.70100402832031	102.0	40.0	0.0	0.0	0.0	0.0	0.0	44.0	AA	AT
14	4	7762420	62.38324737548828	44.0	0.0	0.0	0.0	56.0	90.0	0.0	0.0	AG	GG
15	4	7763315	55.451778411865234	18.0	0.0	0.0	0.0	30.0	80.0	0.0	0.0	AG	GG
16	4	7763767	66.5421371459961	0.0	0.0	0.0	0.0	28.0	96.0	30.0	0.0	GT	GG
17	4	7768995	59.61065673828125	0.0	0.0	0.0	0.0	33.0	86.0	37.0	0.0	GT	GG
18	4	7800499	58.91751480102539	0.0	0.0	0.0	24.0	85.0	52.0	0.0	0.0	GG	CG
19	4	7843225	59.61065673828125	0.0	28.0	0.0	0.0	86.0	24.0	0.0	0.0	GG	AG
20	4	41013805	55.2540397644043	0.0	8.0	0.0	0.0	17.0	24.0	16.0	0.0	GT	AG
21	4	42001653	62.03184127807617	10.0	0.0	0.0	0.0	16.0	94.0	0.0	0.0	AG	GG
22	4	42020446	110.90355682373047	14.0	160.0	23.0	0.0	0.0	0.0	0.0	0.0	AC	AA
23	4	42087159	70.70101165771484	21.0	102.0	0.0	0.0	12.0	0.0	0.0	0.0	AG	AA
24	4	38014773	56.03757095336914	0.0	0.0	0.0	0.0	7.0	0.0	0.0	32.0	GG	TT
25	4	38137234	160.1073455810547	20.0	0.0	0.0	0.0	0.0	70.0	0.0	0.0	AA	GG
26	4	38943547	163.582763671875	47.0	236.0	0.0	0.0	53.0	0.0	0.0	0.0	AG	AA
27	4	38944826	110.1420669555664	0.0	0.0	41.0	180.0	0.0	0.0	47.0	2.0	CT	CC
28	4	38945172	97.04060363769531	0.0	0.0	48.0	140.0	0.0	0.0	42.0	0.0	CT	CC
29	4	38945392	65.84898376464844	0.0	68.0	0.0	0.0	95.0	58.0	0.0	0.0	GG	AG
30	4	39115177	127.53907775878906	53.0	184.0	0.0	0.0	0.0	0.0	27.0	0.0	AT	AA
31	4	39115290	54.758636474609375	0.0	0.0	79.0	80.0	0.0	0.0	0.0	62.0	CC	CT
32	4	39300408	59.61065673828125	0.0	0.0	16.0	0.0	0.0	0.0	12.0	86.0	CT	TT
33	4	39499465	87.33654022216797	126.0	40.0	0.0	0.0	0.0	50.0	0.0	0.0	AA	AG
34	4	39499928	75.55304718017578	0.0	0.0	109.0	18.0	0.0	0.0	0.0	24.0	CC	CT
35	4	39510726	181.91696166992188	0.0	0.0	1.0	78.0	0.0	0.0	273.0	76.0	TT	CT
36	4	39527317	58.91751480102539	0.0	38.0	0.0	0.0	0.0	0.0	85.0	30.0	TT	AT
37	4	39527318	59.61065673828125	0.0	0.0	86.0	28.0	0.0	0.0	0.0	38.0	CC	CT
38	4	10075033	602.2765502929688	0.0	0.0	102.0	2.0	0.0	0.0	133.0	890.0	CT	TT
39	4	10075235	579.3343505859375	175.0	4.0	0.0	0.0	179.0	878.0	0.0	0.0	AG	GG
40	4	75643600	195.46749877929688	52.0	282.0	52.0	0.0	0.0	0.0	0.0	0.0	AC	AA
41	4	75644368	88.72283935546875	16.0	128.0	0.0	0.0	15.0	0.0	0.0	0.0	AG	AA
42	4	75774773	51.29289245605469	74.0	108.0	0.0	0.0	0.0	96.0	0.0	0.0	AA	AG
43	4	75813502	155.8897705078125	0.0	0.0	36.0	246.0	0.0	0.0	32.0	2.0	CT	CC
44	4	76114974	136.0912322998047	0.0	0.0	17.0	0.0	0.0	44.0	0.0	0.0	CC	GG
45	4	76115215	72.0873031616211	11.0	0.0	0.0	0.0	9.0	104.0	0.0	0.0	AG	GG
46	4	76115252	63.76953887939453	0.0	0.0	0.0	0.0	10.0	0.0	7.0	92.0	GT	TT
47	4	76158807	51.29290008544922	0.0	0.0	22.0	74.0	0.0	0.0	27.0	0.0	CT	CC
48	4	76159932	131.69796752929688	55.0	0.0	0.0	0.0	0.0	0.0	30.0	190.0	AT	TT
49	4	76160660	169.1279296875	0.0	0.0	58.0	0.0	45.0	244.0	0.0	0.0	CG	GG
50	4	76160682	736.4937133789062	92.0	0.0	0.0	0.0	0.0	200.0	0.0	0.0	AA	GG
51	4	76160683	736.4937744140625	92.0	0.0	0.0	204.0	0.0	0.0	0.0	2.0	AA	CC
52	4	77031388	312.2093505859375	0.0	0.0	0.0	0.0	39.0	2.0	0.0	198.0	GG	TT
53	4	77036976	808.5421142578125	101.0	2.0	0.0	0.0	0.0	686.0	0.0	0.0	AA	GG
54	4	77037147	391.59918212890625	60.0	0.0	0.0	0.0	68.0	664.0	0.0	0.0	AG	GG
55	4	77037611	520.348876953125	0.0	454.0	0.0	0.0	65.0	2.0	0.0	0.0	GG	AA
56	4	79905757	90.10914611816406	9.0	130.0	20.0	0.0	0.0	0.0	0.0	0.0	AC	AA
57	4	79905907	137.24313354492188	0.0	0.0	23.0	198.0	0.0	0.0	26.0	0.0	CT	CC
58	4	79906643	133.7677459716797	20.0	0.0	0.0	0.0	18.0	202.0	0.0	0.0	AG	GG
59	4	79906644	133.7677459716797	20.0	0.0	18.0	202.0	0.0	0.0	0.0	0.0	AC	CC
60	4	79907092	180.4820098876953	28.0	0.0	0.0	0.0	35.0	274.0	0.0	0.0	AG	GG
61	4	79984835	105.35836791992188	0.0	0.0	18.0	0.0	25.0	152.0	0.0	0.0	CG	GG
62	4	55890364	224.15028381347656	0.0	0.0	0.0	78.0	0.0	0.0	28.0	0.0	TT	CC
63	4	57110067	223.2913818359375	0.0	6.0	84.0	44.0	0.0	0.0	564.0	1018.0	CT	TT
64	4	68337361	62.38324737548828	0.0	0.0	20.0	0.0	0.0	0.0	13.0	90.0	CT	TT
65	4	80286808	209.73086547851562	35.0	662.0	0.0	0.0	32.0	0.0	0.0	0.0	AG	AA
66	4	82893669	112.07514190673828	0.0	0.0	14.0	0.0	0.0	0.0	0.0	28.0	CC	TT
67	4	94664073	105.3583755493164	86.0	152.0	0.0	0.0	83.0	0.0	0.0	0.0	AG	AA
68	4	94666107	59.61066436767578	62.0	86.0	50.0	0.0	0.0	0.0	0.0	0.0	AC	AA
69	4	94667665	84.56395721435547	0.0	0.0	0.0	38.0	122.0	28.0	0.0	0.0	GG	CG
70	4	86775322	51.29289245605469	8.0	0.0	0.0	0.0	3.0	74.0	0.0	0.0	AG	GG
71	4	88523585	68.50379180908203	0.0	2.0	17.0	0.0	14.0	100.0	0.0	0.0	CG	GG
72	4	88696235	72.04830932617188	9.0	0.0	0.0	0.0	0.0	38.0	0.0	0.0	AA	GG
73	4	88696779	136.0912322998047	0.0	32.0	0.0	0.0	17.0	0.0	0.0	0.0	GG	AA
74	4	88704275	120.08050537109375	0.0	0.0	15.0	0.0	0.0	48.0	0.0	0.0	CC	GG
75	4	88707090	96.06441497802734	0.0	0.0	0.0	0.0	12.0	0.0	0.0	40.0	GG	TT
76	4	89114397	64.04293823242188	0.0	20.0	0.0	0.0	8.0	0.0	0.0	0.0	GG	AA
77	4	52022332	62.38324737548828	8.0	90.0	0.0	0.0	18.0	0.0	0.0	0.0	AG	AA
78	4	52022390	70.70101165771484	12.0	0.0	0.0	0.0	10.0	102.0	0.0	0.0	AG	GG
79	4	53145358	63.7695426940918	9.0	92.0	0.0	0.0	15.0	0.0	0.0	0.0	AG	AA
80	4	15638544	312.2093505859375	1.0	0.0	0.0	74.0	0.0	0.0	39.0	0.0	TT	CC
81	4	15688008	80.05366516113281	10.0	0.0	0.0	0.0	0.0	10.0	0.0	0.0	AA	GG
82	4	17486620	160.1073455810547	0.0	54.0	0.0	0.0	20.0	0.0	0.0	0.0	GG	AA
83	4	17486662	104.06977844238281	0.0	0.0	0.0	0.0	0.0	40.0	13.0	0.0	TT	GG
84	4	17486909	280.1878662109375	0.0	0.0	35.0	0.0	0.0	0.0	0.0	122.0	CC	TT
85	4	17486910	288.1932373046875	36.0	0.0	0.0	0.0	0.0	122.0	0.0	0.0	AA	GG
86	4	17828366	54.06548309326172	0.0	0.0	12.0	0.0	14.0	78.0	0.0	0.0	CG	GG
87	4	888854	51.29289245605469	18.0	0.0	0.0	0.0	8.0	74.0	0.0	0.0	AG	GG
88	4	1025523	58.224369049072266	47.0	0.0	0.0	0.0	22.0	84.0	0.0	0.0	AG	GG
89	4	1025908	76.24620056152344	0.0	0.0	36.0	110.0	51.0	0.0	0.0	0.0	CG	CC
90	4	1241422	78.20783996582031	0.0	2.0	19.0	114.0	0.0	0.0	19.0	0.0	CT	CC
91	4	1336970	76.24618530273438	0.0	0.0	14.0	110.0	0.0	0.0	30.0	0.0	CT	CC
92	4	1737300	89.51368713378906	0.0	0.0	8.0	150.0	0.0	0.0	13.0	0.0	CT	CC
93	4	2742271	52.67918395996094	8.0	0.0	0.0	0.0	8.0	76.0	0.0	0.0	AG	GG
94	4	2928234	67.92842102050781	0.0	0.0	98.0	154.0	0.0	0.0	0.0	148.0	CC	CT
95	4	3160328	240.1610107421875	0.0	0.0	0.0	42.0	0.0	0.0	30.0	0.0	TT	CC
96	4	3225691	128.0858612060547	0.0	36.0	0.0	0.0	16.0	0.0	0.0	0.0	GG	AA
97	4	3233252	80.05366516113281	10.0	0.0	0.0	0.0	0.0	38.0	0.0	0.0	AA	GG
98	4	3240372	72.04830932617188	9.0	0.0	0.0	0.0	0.0	28.0	0.0	0.0	AA	GG
99	4	3240420	112.07514190673828	0.0	0.0	0.0	32.0	14.0	0.0	0.0	0.0	GG	CC
